experiment_id,provider,model,args,timestamp,turns_played,score
1,xai,grok-2-1212,"{'cot': 0, 'base_url': 'https://api.x.ai/v1'}",2025-02-16T19:48:49.159071,4,1
1,xai,grok-2-1212,"{'cot': 0, 'base_url': 'https://api.x.ai/v1'}",2025-02-16T19:48:51.936931,3,0
1,xai,grok-2-1212,"{'cot': 0, 'base_url': 'https://api.x.ai/v1'}",2025-02-16T19:48:53.574964,3,0
1,xai,grok-2-1212,"{'cot': 0, 'base_url': 'https://api.x.ai/v1'}",2025-02-16T19:48:56.647337,5,2
1,xai,grok-2-1212,"{'cot': 0, 'base_url': 'https://api.x.ai/v1'}",2025-02-16T19:49:00.230877,5,2
1,xai,grok-2-1212,"{'cot': 0, 'base_url': 'https://api.x.ai/v1'}",2025-02-16T19:49:04.327549,5,2
1,xai,grok-2-1212,"{'cot': 0, 'base_url': 'https://api.x.ai/v1'}",2025-02-16T19:49:06.375571,3,0
1,xai,grok-2-1212,"{'cot': 0, 'base_url': 'https://api.x.ai/v1'}",2025-02-16T19:49:09.959588,5,2
1,xai,grok-2-1212,"{'cot': 0, 'base_url': 'https://api.x.ai/v1'}",2025-02-16T19:49:13.133799,4,1
1,xai,grok-2-1212,"{'cot': 0, 'base_url': 'https://api.x.ai/v1'}",2025-02-16T19:49:15.796719,4,1
2,xai,grok-2-1212,"{'cot': 1, 'base_url': 'https://api.x.ai/v1'}",2025-02-16T19:49:48.562402,3,0
2,xai,grok-2-1212,"{'cot': 1, 'base_url': 'https://api.x.ai/v1'}",2025-02-16T19:51:00.143128,6,1
2,xai,grok-2-1212,"{'cot': 1, 'base_url': 'https://api.x.ai/v1'}",2025-02-16T19:51:57.078204,5,1
2,xai,grok-2-1212,"{'cot': 1, 'base_url': 'https://api.x.ai/v1'}",2025-02-16T19:52:34.660534,3,0
2,xai,grok-2-1212,"{'cot': 1, 'base_url': 'https://api.x.ai/v1'}",2025-02-16T19:53:19.203769,4,0
2,xai,grok-2-1212,"{'cot': 1, 'base_url': 'https://api.x.ai/v1'}",2025-02-16T19:54:07.505387,4,0
2,xai,grok-2-1212,"{'cot': 1, 'base_url': 'https://api.x.ai/v1'}",2025-02-16T19:55:05.392624,5,1
2,xai,grok-2-1212,"{'cot': 1, 'base_url': 'https://api.x.ai/v1'}",2025-02-16T19:57:21.792291,11,2
2,xai,grok-2-1212,"{'cot': 1, 'base_url': 'https://api.x.ai/v1'}",2025-02-16T19:58:20.800966,5,0
2,xai,grok-2-1212,"{'cot': 1, 'base_url': 'https://api.x.ai/v1'}",2025-02-16T19:59:17.199990,5,1
3,google,gemini-2.0-flash,{'cot': 0},2025-02-16T20:08:53.186714,3,0
3,google,gemini-2.0-flash,{'cot': 0},2025-02-16T20:08:59.125781,3,0
3,google,gemini-2.0-flash,{'cot': 0},2025-02-16T20:09:03.938520,3,0
3,google,gemini-2.0-flash,{'cot': 0},2025-02-16T20:09:11.516146,3,0
3,google,gemini-2.0-flash,{'cot': 0},2025-02-16T20:09:16.303220,3,0
3,google,gemini-2.0-flash,{'cot': 0},2025-02-16T20:09:19.114029,3,0
3,google,gemini-2.0-flash,{'cot': 0},2025-02-16T20:09:24.064094,3,0
3,google,gemini-2.0-flash,{'cot': 0},2025-02-16T20:09:28.787814,3,0
3,google,gemini-2.0-flash,{'cot': 0},2025-02-16T20:09:33.615400,3,0
3,google,gemini-2.0-flash,{'cot': 0},2025-02-16T20:09:37.963734,3,0
4,google,gemini-2.0-flash,{'cot': 1},2025-02-16T20:09:51.963327,3,0
4,google,gemini-2.0-flash,{'cot': 1},2025-02-16T20:10:06.504039,3,0
4,google,gemini-2.0-flash,{'cot': 1},2025-02-16T20:10:22.375772,3,0
4,google,gemini-2.0-flash,{'cot': 1},2025-02-16T20:10:34.542530,3,0
4,google,gemini-2.0-flash,{'cot': 1},2025-02-16T20:10:46.422989,3,0
4,google,gemini-2.0-flash,{'cot': 1},2025-02-16T20:10:58.624851,3,0
4,google,gemini-2.0-flash,{'cot': 1},2025-02-16T20:11:10.605560,3,0
4,google,gemini-2.0-flash,{'cot': 1},2025-02-16T20:11:24.975997,3,0
4,google,gemini-2.0-flash,{'cot': 1},2025-02-16T20:11:36.818825,3,0
4,google,gemini-2.0-flash,{'cot': 1},2025-02-16T20:11:51.463081,3,0
5,google,gemini-2.0-flash-lite-preview-02-05,{'cot': 0},2025-02-16T20:11:56.176254,3,0
5,google,gemini-2.0-flash-lite-preview-02-05,{'cot': 0},2025-02-16T20:12:00.319112,3,0
5,google,gemini-2.0-flash-lite-preview-02-05,{'cot': 0},2025-02-16T20:12:02.771987,3,0
5,google,gemini-2.0-flash-lite-preview-02-05,{'cot': 0},2025-02-16T20:12:05.286872,3,0
5,google,gemini-2.0-flash-lite-preview-02-05,{'cot': 0},2025-02-16T20:12:07.742384,3,0
5,google,gemini-2.0-flash-lite-preview-02-05,{'cot': 0},2025-02-16T20:12:10.051179,3,0
5,google,gemini-2.0-flash-lite-preview-02-05,{'cot': 0},2025-02-16T20:12:12.045197,3,0
5,google,gemini-2.0-flash-lite-preview-02-05,{'cot': 0},2025-02-16T20:12:14.164871,3,0
5,google,gemini-2.0-flash-lite-preview-02-05,{'cot': 0},2025-02-16T20:12:16.755640,3,0
5,google,gemini-2.0-flash-lite-preview-02-05,{'cot': 0},2025-02-16T20:12:19.827577,3,0
6,google,gemini-2.0-flash-lite-preview-02-05,{'cot': 1},2025-02-16T20:12:25.869193,3,0
6,google,gemini-2.0-flash-lite-preview-02-05,{'cot': 1},2025-02-16T20:12:31.296294,3,0
6,google,gemini-2.0-flash-lite-preview-02-05,{'cot': 1},2025-02-16T20:12:36.416116,3,0
6,google,gemini-2.0-flash-lite-preview-02-05,{'cot': 1},2025-02-16T20:13:06.316954,3,0
6,google,gemini-2.0-flash-lite-preview-02-05,{'cot': 1},2025-02-16T20:13:12.768172,3,0
6,google,gemini-2.0-flash-lite-preview-02-05,{'cot': 1},2025-02-16T20:13:18.838556,3,0
6,google,gemini-2.0-flash-lite-preview-02-05,{'cot': 1},2025-02-16T20:13:26.360494,3,0
6,google,gemini-2.0-flash-lite-preview-02-05,{'cot': 1},2025-02-16T20:13:32.019187,3,0
6,google,gemini-2.0-flash-lite-preview-02-05,{'cot': 1},2025-02-16T20:13:38.533247,3,0
6,google,gemini-2.0-flash-lite-preview-02-05,{'cot': 1},2025-02-16T20:13:46.389027,3,0
7,google,gemini-1.5-flash,{'cot': 0},2025-02-16T20:13:47.377153,3,0
7,google,gemini-1.5-flash,{'cot': 0},2025-02-16T20:13:48.503251,3,0
7,google,gemini-1.5-flash,{'cot': 0},2025-02-16T20:13:49.322795,3,0
7,google,gemini-1.5-flash,{'cot': 0},2025-02-16T20:13:50.346467,3,0
7,google,gemini-1.5-flash,{'cot': 0},2025-02-16T20:13:51.535350,3,0
7,google,gemini-1.5-flash,{'cot': 0},2025-02-16T20:13:52.703552,3,0
7,google,gemini-1.5-flash,{'cot': 0},2025-02-16T20:13:53.817015,3,0
7,google,gemini-1.5-flash,{'cot': 0},2025-02-16T20:13:54.853104,3,0
7,google,gemini-1.5-flash,{'cot': 0},2025-02-16T20:13:55.980669,3,0
7,google,gemini-1.5-flash,{'cot': 0},2025-02-16T20:13:57.104879,3,0
8,google,gemini-1.5-flash,{'cot': 1},2025-02-16T20:14:11.033530,3,0
8,google,gemini-1.5-flash,{'cot': 1},2025-02-16T20:14:24.959725,3,0
8,google,gemini-1.5-flash,{'cot': 1},2025-02-16T20:14:36.735520,3,0
8,google,gemini-1.5-flash,{'cot': 1},2025-02-16T20:14:48.869205,3,0
8,google,gemini-1.5-flash,{'cot': 1},2025-02-16T20:15:03.564793,3,0
8,google,gemini-1.5-flash,{'cot': 1},2025-02-16T20:15:18.412232,3,0
8,google,gemini-1.5-flash,{'cot': 1},2025-02-16T20:15:29.791984,3,0
8,google,gemini-1.5-flash,{'cot': 1},2025-02-16T20:15:42.475968,3,0
8,google,gemini-1.5-flash,{'cot': 1},2025-02-16T20:15:53.739902,3,0
8,google,gemini-1.5-flash,{'cot': 1},2025-02-16T20:16:06.130639,3,0
9,google,gemini-1.5-flash-8b,{'cot': 0},2025-02-16T20:16:07.991252,3,0
9,google,gemini-1.5-flash-8b,{'cot': 0},2025-02-16T20:16:09.407564,3,0
9,google,gemini-1.5-flash-8b,{'cot': 0},2025-02-16T20:16:11.455100,3,0
9,google,gemini-1.5-flash-8b,{'cot': 0},2025-02-16T20:16:13.194049,3,0
9,google,gemini-1.5-flash-8b,{'cot': 0},2025-02-16T20:16:15.037258,3,0
9,google,gemini-1.5-flash-8b,{'cot': 0},2025-02-16T20:16:16.677494,3,0
9,google,gemini-1.5-flash-8b,{'cot': 0},2025-02-16T20:16:18.418374,3,0
9,google,gemini-1.5-flash-8b,{'cot': 0},2025-02-16T20:16:20.466552,3,0
9,google,gemini-1.5-flash-8b,{'cot': 0},2025-02-16T20:16:22.411992,3,0
9,google,gemini-1.5-flash-8b,{'cot': 0},2025-02-16T20:16:24.357557,3,0
10,google,gemini-1.5-flash-8b,{'cot': 1},2025-02-16T20:16:34.127166,3,0
10,google,gemini-1.5-flash-8b,{'cot': 1},2025-02-16T20:16:42.122908,3,0
10,google,gemini-1.5-flash-8b,{'cot': 1},2025-02-16T20:16:51.903283,3,0
10,google,gemini-1.5-flash-8b,{'cot': 1},2025-02-16T20:16:59.992777,3,0
10,google,gemini-1.5-flash-8b,{'cot': 1},2025-02-16T20:17:09.516221,3,0
10,google,gemini-1.5-flash-8b,{'cot': 1},2025-02-16T20:17:20.113009,3,0
10,google,gemini-1.5-flash-8b,{'cot': 1},2025-02-16T20:17:29.629628,3,0
10,google,gemini-1.5-flash-8b,{'cot': 1},2025-02-16T20:17:40.338363,3,0
10,google,gemini-1.5-flash-8b,{'cot': 1},2025-02-16T20:17:52.011708,3,0
10,google,gemini-1.5-flash-8b,{'cot': 1},2025-02-16T20:18:00.511232,3,0
11,google,gemini-1.5-pro,{'cot': 0},2025-02-16T20:18:02.354113,3,0
11,google,gemini-1.5-pro,{'cot': 0},2025-02-16T20:18:04.274542,3,0
11,google,gemini-1.5-pro,{'cot': 0},2025-02-16T20:18:05.938108,3,0
11,google,gemini-1.5-pro,{'cot': 0},2025-02-16T20:18:07.576690,3,0
11,google,gemini-1.5-pro,{'cot': 0},2025-02-16T20:18:09.417937,3,0
11,google,gemini-1.5-pro,{'cot': 0},2025-02-16T20:18:11.261045,3,0
11,google,gemini-1.5-pro,{'cot': 0},2025-02-16T20:18:13.001811,3,0
11,google,gemini-1.5-pro,{'cot': 0},2025-02-16T20:18:14.847062,3,0
11,google,gemini-1.5-pro,{'cot': 0},2025-02-16T20:18:16.690147,3,0
11,google,gemini-1.5-pro,{'cot': 0},2025-02-16T20:18:18.430930,3,0
12,google,gemini-1.5-pro,{'cot': 1},2025-02-16T20:18:44.643795,3,0
12,google,gemini-1.5-pro,{'cot': 1},2025-02-16T20:19:15.775186,3,0
12,google,gemini-1.5-pro,{'cot': 1},2025-02-16T20:19:36.465732,3,0
12,google,gemini-1.5-pro,{'cot': 1},2025-02-16T20:19:57.144440,3,0
12,google,gemini-1.5-pro,{'cot': 1},2025-02-16T20:20:21.003811,3,0
12,google,gemini-1.5-pro,{'cot': 1},2025-02-16T20:20:51.623469,3,0
12,google,gemini-1.5-pro,{'cot': 1},2025-02-16T20:21:17.295082,3,0
12,google,gemini-1.5-pro,{'cot': 1},2025-02-16T20:21:39.544870,3,0
12,google,gemini-1.5-pro,{'cot': 1},2025-02-16T20:22:02.584721,3,0
12,google,gemini-1.5-pro,{'cot': 1},2025-02-16T20:22:29.720954,3,0
13,anthropic,claude-3-sonnet-20240229,{'cot': 0},2025-02-16T20:23:13.548746,4,1
13,anthropic,claude-3-sonnet-20240229,{'cot': 0},2025-02-16T20:23:34.203547,3,0
13,anthropic,claude-3-sonnet-20240229,{'cot': 0},2025-02-16T20:24:34.137727,5,1
13,anthropic,claude-3-sonnet-20240229,{'cot': 0},2025-02-16T20:25:09.862649,3,0
13,anthropic,claude-3-sonnet-20240229,{'cot': 0},2025-02-16T20:25:58.617768,4,1
13,anthropic,claude-3-sonnet-20240229,{'cot': 0},2025-02-16T20:26:34.457954,3,0
13,anthropic,claude-3-sonnet-20240229,{'cot': 0},2025-02-16T20:27:10.400602,3,0
13,anthropic,claude-3-sonnet-20240229,{'cot': 0},2025-02-16T20:27:46.855070,3,0
13,anthropic,claude-3-sonnet-20240229,{'cot': 0},2025-02-16T20:28:21.978363,3,0
13,anthropic,claude-3-sonnet-20240229,{'cot': 0},2025-02-16T20:28:57.920948,3,0
14,anthropic,claude-3-sonnet-20240229,{'cot': 1},2025-02-16T20:30:34.382309,4,0
14,anthropic,claude-3-sonnet-20240229,{'cot': 1},2025-02-16T20:31:45.758049,3,0
14,anthropic,claude-3-sonnet-20240229,{'cot': 1},2025-02-16T20:33:22.323173,4,0
14,anthropic,claude-3-sonnet-20240229,{'cot': 1},2025-02-16T20:34:34.015112,3,0
14,anthropic,claude-3-sonnet-20240229,{'cot': 1},2025-02-16T20:35:47.417464,3,0
14,anthropic,claude-3-sonnet-20240229,{'cot': 1},2025-02-16T20:36:58.278799,3,0
14,anthropic,claude-3-sonnet-20240229,{'cot': 1},2025-02-16T20:38:10.264925,3,0
14,anthropic,claude-3-sonnet-20240229,{'cot': 1},2025-02-16T20:39:46.314889,4,0
14,anthropic,claude-3-sonnet-20240229,{'cot': 1},2025-02-16T20:40:57.893547,3,0
14,anthropic,claude-3-sonnet-20240229,{'cot': 1},2025-02-16T20:42:10.594735,3,0
15,anthropic,claude-3-5-sonnet-20241022,{'cot': 0},2025-02-16T20:42:17.467080,3,0
15,anthropic,claude-3-5-sonnet-20241022,{'cot': 0},2025-02-16T20:43:01.692825,6,0
15,anthropic,claude-3-5-sonnet-20241022,{'cot': 0},2025-02-16T20:43:48.796427,4,0
15,anthropic,claude-3-5-sonnet-20241022,{'cot': 0},2025-02-16T20:44:38.664380,4,0
15,anthropic,claude-3-5-sonnet-20241022,{'cot': 0},2025-02-16T20:45:13.070699,3,0
15,anthropic,claude-3-5-sonnet-20241022,{'cot': 0},2025-02-16T20:45:50.649026,3,0
15,anthropic,claude-3-5-sonnet-20241022,{'cot': 0},2025-02-16T20:46:37.447934,4,0
15,anthropic,claude-3-5-sonnet-20241022,{'cot': 0},2025-02-16T20:47:13.185247,3,0
15,anthropic,claude-3-5-sonnet-20241022,{'cot': 0},2025-02-16T20:48:25.888608,6,1
15,anthropic,claude-3-5-sonnet-20241022,{'cot': 0},2025-02-16T20:49:49.037500,7,0
16,anthropic,claude-3-5-sonnet-20241022,{'cot': 1},2025-02-16T20:53:00.935094,8,1
16,anthropic,claude-3-5-sonnet-20241022,{'cot': 1},2025-02-16T21:00:21.050203,18,2
16,anthropic,claude-3-5-sonnet-20241022,{'cot': 1},2025-02-16T21:03:25.097268,8,1
16,anthropic,claude-3-5-sonnet-20241022,{'cot': 1},2025-02-16T21:05:49.037922,6,0
16,anthropic,claude-3-5-sonnet-20241022,{'cot': 1},2025-02-16T21:11:06.320183,13,3
16,anthropic,claude-3-5-sonnet-20241022,{'cot': 1},2025-02-16T21:13:00.881521,5,0
16,anthropic,claude-3-5-sonnet-20241022,{'cot': 1},2025-02-16T21:23:56.073529,23,2
16,anthropic,claude-3-5-sonnet-20241022,{'cot': 1},2025-02-16T21:26:57.840297,9,0
16,anthropic,claude-3-5-sonnet-20241022,{'cot': 1},2025-02-16T21:28:09.727066,3,0
16,anthropic,claude-3-5-sonnet-20241022,{'cot': 1},2025-02-16T21:33:01.192435,12,4
17,anthropic,claude-3-5-haiku-20241022,{'cot': 0},2025-02-16T21:33:05.569748,3,0
17,anthropic,claude-3-5-haiku-20241022,{'cot': 0},2025-02-16T21:33:15.705700,3,0
17,anthropic,claude-3-5-haiku-20241022,{'cot': 0},2025-02-16T21:33:52.469834,3,0
17,anthropic,claude-3-5-haiku-20241022,{'cot': 0},2025-02-16T21:34:26.980204,3,0
17,anthropic,claude-3-5-haiku-20241022,{'cot': 0},2025-02-16T21:35:04.049823,3,0
17,anthropic,claude-3-5-haiku-20241022,{'cot': 0},2025-02-16T21:35:40.095327,3,0
17,anthropic,claude-3-5-haiku-20241022,{'cot': 0},2025-02-16T21:36:15.833910,3,0
17,anthropic,claude-3-5-haiku-20241022,{'cot': 0},2025-02-16T21:36:51.060319,3,0
17,anthropic,claude-3-5-haiku-20241022,{'cot': 0},2025-02-16T21:37:27.820491,3,0
17,anthropic,claude-3-5-haiku-20241022,{'cot': 0},2025-02-16T21:38:04.380440,3,0
18,anthropic,claude-3-5-haiku-20241022,{'cot': 1},2025-02-16T21:39:15.242702,3,0
18,anthropic,claude-3-5-haiku-20241022,{'cot': 1},2025-02-16T21:40:27.605588,3,0
18,anthropic,claude-3-5-haiku-20241022,{'cot': 1},2025-02-16T21:42:02.977776,4,0
18,anthropic,claude-3-5-haiku-20241022,{'cot': 1},2025-02-16T21:43:15.374671,3,0
18,anthropic,claude-3-5-haiku-20241022,{'cot': 1},2025-02-16T21:44:26.955650,3,0
18,anthropic,claude-3-5-haiku-20241022,{'cot': 1},2025-02-16T21:45:39.352174,3,0
18,anthropic,claude-3-5-haiku-20241022,{'cot': 1},2025-02-16T21:46:52.576197,3,0
18,anthropic,claude-3-5-haiku-20241022,{'cot': 1},2025-02-16T21:48:03.675609,3,0
18,anthropic,claude-3-5-haiku-20241022,{'cot': 1},2025-02-16T21:49:15.754828,3,0
18,anthropic,claude-3-5-haiku-20241022,{'cot': 1},2025-02-16T21:50:27.410187,3,0
19,anthropic,claude-3-haiku-20240307,{'cot': 0},2025-02-16T21:50:32.121966,4,1
19,anthropic,claude-3-haiku-20240307,{'cot': 0},2025-02-16T21:51:05.416724,4,1
19,anthropic,claude-3-haiku-20240307,{'cot': 0},2025-02-16T21:51:53.482475,4,1
19,anthropic,claude-3-haiku-20240307,{'cot': 0},2025-02-16T21:52:41.328364,4,1
19,anthropic,claude-3-haiku-20240307,{'cot': 0},2025-02-16T21:53:29.682771,4,1
19,anthropic,claude-3-haiku-20240307,{'cot': 0},2025-02-16T21:54:17.100805,4,1
19,anthropic,claude-3-haiku-20240307,{'cot': 0},2025-02-16T21:54:53.145696,3,0
19,anthropic,claude-3-haiku-20240307,{'cot': 0},2025-02-16T21:55:28.883808,3,0
19,anthropic,claude-3-haiku-20240307,{'cot': 0},2025-02-16T21:56:05.236870,3,0
19,anthropic,claude-3-haiku-20240307,{'cot': 0},2025-02-16T21:56:41.589388,3,0
20,anthropic,claude-3-haiku-20240307,{'cot': 1},2025-02-16T21:57:53.396973,3,0
20,anthropic,claude-3-haiku-20240307,{'cot': 1},2025-02-16T21:59:05.566943,3,0
20,anthropic,claude-3-haiku-20240307,{'cot': 1},2025-02-16T22:00:17.248141,3,0
20,anthropic,claude-3-haiku-20240307,{'cot': 1},2025-02-16T22:01:29.116737,3,0
20,anthropic,claude-3-haiku-20240307,{'cot': 1},2025-02-16T22:02:40.828308,3,0
20,anthropic,claude-3-haiku-20240307,{'cot': 1},2025-02-16T22:03:52.966731,3,0
20,anthropic,claude-3-haiku-20240307,{'cot': 1},2025-02-16T22:05:05.025570,3,0
20,anthropic,claude-3-haiku-20240307,{'cot': 1},2025-02-16T22:06:17.279909,3,0
20,anthropic,claude-3-haiku-20240307,{'cot': 1},2025-02-16T22:07:05.769779,3,0
20,anthropic,claude-3-haiku-20240307,{'cot': 1},2025-02-16T22:08:41.607527,4,0
21,openai,gpt-4o-2024-08-06,{'cot': 0},2025-02-16T23:03:14.658051,3,0
21,openai,gpt-4o-2024-08-06,{'cot': 0},2025-02-16T23:03:16.603503,3,0
21,openai,gpt-4o-2024-08-06,{'cot': 0},2025-02-16T23:03:19.060928,3,0
21,openai,gpt-4o-2024-08-06,{'cot': 0},2025-02-16T23:03:21.109095,3,0
21,openai,gpt-4o-2024-08-06,{'cot': 0},2025-02-16T23:03:23.360159,3,0
21,openai,gpt-4o-2024-08-06,{'cot': 0},2025-02-16T23:03:25.922044,4,0
21,openai,gpt-4o-2024-08-06,{'cot': 0},2025-02-16T23:03:28.072532,3,0
21,openai,gpt-4o-2024-08-06,{'cot': 0},2025-02-16T23:03:30.939834,4,0
21,openai,gpt-4o-2024-08-06,{'cot': 0},2025-02-16T23:03:33.602183,4,0
21,openai,gpt-4o-2024-08-06,{'cot': 0},2025-02-16T23:03:37.288715,3,0
22,openai,gpt-4o-2024-08-06,{'cot': 1},2025-02-16T23:04:26.717665,6,0
22,openai,gpt-4o-2024-08-06,{'cot': 1},2025-02-16T23:05:27.597451,7,1
22,openai,gpt-4o-2024-08-06,{'cot': 1},2025-02-16T23:05:51.229221,3,0
22,openai,gpt-4o-2024-08-06,{'cot': 1},2025-02-16T23:06:19.901813,3,0
22,openai,gpt-4o-2024-08-06,{'cot': 1},2025-02-16T23:06:43.654445,3,0
22,openai,gpt-4o-2024-08-06,{'cot': 1},2025-02-16T23:07:09.566161,3,0
22,openai,gpt-4o-2024-08-06,{'cot': 1},2025-02-16T23:08:00.159419,6,1
22,openai,gpt-4o-2024-08-06,{'cot': 1},2025-02-16T23:08:25.956611,3,0
22,openai,gpt-4o-2024-08-06,{'cot': 1},2025-02-16T23:09:11.018078,5,0
22,openai,gpt-4o-2024-08-06,{'cot': 1},2025-02-16T23:09:43.986411,4,0
23,groq,gemma2-9b-it,"{'cot': 0, 'base_url': 'https://api.groq.com/openai/v1'}",2025-02-17T10:53:15.249152,3,0
24,groq,gemma2-9b-it,"{'cot': 0, 'base_url': 'https://api.groq.com/openai/v1'}",2025-02-17T10:53:30.500129,3,0
24,groq,gemma2-9b-it,"{'cot': 0, 'base_url': 'https://api.groq.com/openai/v1'}",2025-02-17T10:53:38.906885,5,2
24,groq,gemma2-9b-it,"{'cot': 0, 'base_url': 'https://api.groq.com/openai/v1'}",2025-02-17T10:53:42.812492,3,0
24,groq,gemma2-9b-it,"{'cot': 0, 'base_url': 'https://api.groq.com/openai/v1'}",2025-02-17T10:53:49.661233,3,0
24,groq,gemma2-9b-it,"{'cot': 0, 'base_url': 'https://api.groq.com/openai/v1'}",2025-02-17T10:54:10.660993,4,1
24,groq,gemma2-9b-it,"{'cot': 0, 'base_url': 'https://api.groq.com/openai/v1'}",2025-02-17T10:54:27.441597,3,0
24,groq,gemma2-9b-it,"{'cot': 0, 'base_url': 'https://api.groq.com/openai/v1'}",2025-02-17T10:54:43.014900,3,0
24,groq,gemma2-9b-it,"{'cot': 0, 'base_url': 'https://api.groq.com/openai/v1'}",2025-02-17T10:55:06.173515,4,1
24,groq,gemma2-9b-it,"{'cot': 0, 'base_url': 'https://api.groq.com/openai/v1'}",2025-02-17T10:55:23.355076,3,0
24,groq,gemma2-9b-it,"{'cot': 0, 'base_url': 'https://api.groq.com/openai/v1'}",2025-02-17T10:55:37.687638,3,0
25,groq,llama3-70b-8192,"{'cot': 0, 'base_url': 'https://api.groq.com/openai/v1'}",2025-02-17T11:00:56.528311,3,0
25,groq,llama3-70b-8192,"{'cot': 0, 'base_url': 'https://api.groq.com/openai/v1'}",2025-02-17T11:01:08.334828,3,0
25,groq,llama3-70b-8192,"{'cot': 0, 'base_url': 'https://api.groq.com/openai/v1'}",2025-02-17T11:01:47.435046,3,0
25,groq,llama3-70b-8192,"{'cot': 0, 'base_url': 'https://api.groq.com/openai/v1'}",2025-02-17T11:02:41.929020,4,1
25,groq,llama3-70b-8192,"{'cot': 0, 'base_url': 'https://api.groq.com/openai/v1'}",2025-02-17T11:03:37.341117,4,1
25,groq,llama3-70b-8192,"{'cot': 0, 'base_url': 'https://api.groq.com/openai/v1'}",2025-02-17T11:04:30.991941,4,1
25,groq,llama3-70b-8192,"{'cot': 0, 'base_url': 'https://api.groq.com/openai/v1'}",2025-02-17T11:05:10.945682,3,0
25,groq,llama3-70b-8192,"{'cot': 0, 'base_url': 'https://api.groq.com/openai/v1'}",2025-02-17T11:05:49.455733,3,0
25,groq,llama3-70b-8192,"{'cot': 0, 'base_url': 'https://api.groq.com/openai/v1'}",2025-02-17T11:06:28.174044,3,0
25,groq,llama3-70b-8192,"{'cot': 0, 'base_url': 'https://api.groq.com/openai/v1'}",2025-02-17T11:07:58.940789,6,3
26,groq,llama3-70b-8192,"{'cot': 1, 'base_url': 'https://api.groq.com/openai/v1'}",2025-02-17T11:12:49.411491,4,0
26,groq,llama3-70b-8192,"{'cot': 1, 'base_url': 'https://api.groq.com/openai/v1'}",2025-02-17T11:14:36.401830,3,0
26,groq,llama3-70b-8192,"{'cot': 1, 'base_url': 'https://api.groq.com/openai/v1'}",2025-02-17T11:16:25.976131,3,0
26,groq,llama3-70b-8192,"{'cot': 1, 'base_url': 'https://api.groq.com/openai/v1'}",2025-02-17T11:18:06.755268,3,0
26,groq,llama3-70b-8192,"{'cot': 1, 'base_url': 'https://api.groq.com/openai/v1'}",2025-02-17T11:21:22.933777,5,0
26,groq,llama3-70b-8192,"{'cot': 1, 'base_url': 'https://api.groq.com/openai/v1'}",2025-02-17T11:23:02.781252,3,0
26,groq,llama3-70b-8192,"{'cot': 1, 'base_url': 'https://api.groq.com/openai/v1'}",2025-02-17T11:26:16.159949,5,0
26,groq,llama3-70b-8192,"{'cot': 1, 'base_url': 'https://api.groq.com/openai/v1'}",2025-02-17T11:28:04.947529,3,0
26,groq,llama3-70b-8192,"{'cot': 1, 'base_url': 'https://api.groq.com/openai/v1'}",2025-02-17T11:29:48.980075,3,0
26,groq,llama3-70b-8192,"{'cot': 1, 'base_url': 'https://api.groq.com/openai/v1'}",2025-02-17T11:31:34.252633,3,0
27,openai,o3-mini-2025-01-31,"{'cot': 0, 'reasoning_effort': 'low'}",2025-02-17T11:46:53.809575,8,1
28,openai,o3-mini-2025-01-31,"{'cot': 0, 'reasoning_effort': 'low'}",2025-02-17T11:50:36.965169,18,1
28,openai,o3-mini-2025-01-31,"{'cot': 0, 'reasoning_effort': 'low'}",2025-02-17T11:51:59.895935,9,1
28,openai,o3-mini-2025-01-31,"{'cot': 0, 'reasoning_effort': 'low'}",2025-02-17T11:53:36.288237,14,2
28,openai,o3-mini-2025-01-31,"{'cot': 0, 'reasoning_effort': 'low'}",2025-02-17T11:54:47.515952,9,2
28,openai,o3-mini-2025-01-31,"{'cot': 0, 'reasoning_effort': 'low'}",2025-02-17T11:56:27.062641,13,0
28,openai,o3-mini-2025-01-31,"{'cot': 0, 'reasoning_effort': 'low'}",2025-02-17T11:58:02.284580,15,4
28,openai,o3-mini-2025-01-31,"{'cot': 0, 'reasoning_effort': 'low'}",2025-02-17T11:59:54.918188,10,0
28,openai,o3-mini-2025-01-31,"{'cot': 0, 'reasoning_effort': 'low'}",2025-02-17T12:01:36.411356,15,2
28,openai,o3-mini-2025-01-31,"{'cot': 0, 'reasoning_effort': 'low'}",2025-02-17T12:02:04.989714,5,0
28,openai,o3-mini-2025-01-31,"{'cot': 0, 'reasoning_effort': 'low'}",2025-02-17T12:02:53.539300,7,1
29,openai,o3-mini-2025-01-31,"{'cot': 0, 'reasoning_effort': 'medium'}",2025-02-17T12:10:35.348405,13,2
29,openai,o3-mini-2025-01-31,"{'cot': 0, 'reasoning_effort': 'medium'}",2025-02-17T12:29:37.093532,36,4
29,openai,o3-mini-2025-01-31,"{'cot': 0, 'reasoning_effort': 'medium'}",2025-02-17T12:48:04.790538,49,3
29,openai,o3-mini-2025-01-31,"{'cot': 0, 'reasoning_effort': 'medium'}",2025-02-17T13:12:37.525090,64,3
29,openai,o3-mini-2025-01-31,"{'cot': 0, 'reasoning_effort': 'medium'}",2025-02-17T13:37:07.632700,65,2
29,openai,o3-mini-2025-01-31,"{'cot': 0, 'reasoning_effort': 'medium'}",2025-02-17T13:58:06.430352,45,5
29,openai,o3-mini-2025-01-31,"{'cot': 0, 'reasoning_effort': 'medium'}",2025-02-17T14:27:19.854494,67,2
29,openai,o3-mini-2025-01-31,"{'cot': 0, 'reasoning_effort': 'medium'}",2025-02-17T14:34:15.707799,20,2
29,openai,o3-mini-2025-01-31,"{'cot': 0, 'reasoning_effort': 'medium'}",2025-02-17T14:56:21.043700,59,6
29,openai,o3-mini-2025-01-31,"{'cot': 0, 'reasoning_effort': 'medium'}",2025-02-17T15:30:24.983148,64,2
30,openai,o3-mini-2025-01-31,"{'cot': 0, 'reasoning_effort': 'high'}",2025-02-18T01:57:10.863509,57,9
30,openai,o3-mini-2025-01-31,"{'cot': 0, 'reasoning_effort': 'high'}",2025-02-18T03:16:52.867764,64,5
30,openai,o3-mini-2025-01-31,"{'cot': 0, 'reasoning_effort': 'high'}",2025-02-18T04:47:45.734060,62,5
30,openai,o3-mini-2025-01-31,"{'cot': 0, 'reasoning_effort': 'high'}",2025-02-18T06:12:24.594512,58,7
30,openai,o3-mini-2025-01-31,"{'cot': 0, 'reasoning_effort': 'high'}",2025-02-18T07:31:34.869163,58,8
31,anthropic,claude-3-7-sonnet-20250219,{'cot': 0},2025-02-24T20:46:29.959167,3,0
31,anthropic,claude-3-7-sonnet-20250219,{'cot': 0},2025-02-24T20:46:35.794833,4,0
31,anthropic,claude-3-7-sonnet-20250219,{'cot': 0},2025-02-24T20:46:39.788049,3,0
31,anthropic,claude-3-7-sonnet-20250219,{'cot': 0},2025-02-24T20:46:47.875607,4,0
31,anthropic,claude-3-7-sonnet-20250219,{'cot': 0},2025-02-24T20:46:54.530919,3,0
32,anthropic,claude-3-7-sonnet-20250219,{'cot': 0},2025-02-24T20:50:46.047609,3,0
32,anthropic,claude-3-7-sonnet-20250219,{'cot': 0},2025-02-24T20:50:55.877488,7,0
32,anthropic,claude-3-7-sonnet-20250219,{'cot': 0},2025-02-24T20:51:01.099533,3,0
32,anthropic,claude-3-7-sonnet-20250219,{'cot': 0},2025-02-24T20:51:05.605176,3,0
32,anthropic,claude-3-7-sonnet-20250219,{'cot': 0},2025-02-24T20:51:20.042193,9,2
33,groq,deepseek-r1-distill-llama-70b,{'cot': 0},2025-02-24T20:59:09.297421,5,2
33,groq,deepseek-r1-distill-llama-70b,{'cot': 0},2025-02-24T21:00:03.983156,4,0
33,groq,deepseek-r1-distill-llama-70b,{'cot': 0},2025-02-24T21:02:36.772678,5,2
33,groq,deepseek-r1-distill-llama-70b,{'cot': 0},2025-02-24T21:03:52.607481,3,0
33,groq,deepseek-r1-distill-llama-70b,{'cot': 0},2025-02-24T21:04:41.600525,3,0
33,groq,deepseek-r1-distill-llama-70b,{'cot': 0},2025-02-24T21:05:35.668774,3,0
33,groq,deepseek-r1-distill-llama-70b,{'cot': 0},2025-02-24T21:08:52.588888,7,2
33,groq,deepseek-r1-distill-llama-70b,{'cot': 0},2025-02-24T21:10:41.441709,4,1
33,groq,deepseek-r1-distill-llama-70b,{'cot': 0},2025-02-24T21:13:35.934821,5,2
33,groq,deepseek-r1-distill-llama-70b,{'cot': 0},2025-02-24T21:14:16.281019,4,1
34,groq,deepseek-r1-distill-qwen-32b,{'cot': 0},2025-02-24T21:38:29.518076,12,1
34,groq,deepseek-r1-distill-qwen-32b,{'cot': 0},2025-02-24T21:45:56.230728,12,0
34,groq,deepseek-r1-distill-qwen-32b,{'cot': 0},2025-02-24T21:48:58.684284,7,0
34,groq,deepseek-r1-distill-qwen-32b,{'cot': 0},2025-02-24T21:53:20.574086,8,0
34,groq,deepseek-r1-distill-qwen-32b,{'cot': 0},2025-02-24T21:54:50.242958,4,0
34,groq,deepseek-r1-distill-qwen-32b,{'cot': 0},2025-02-24T21:58:24.218857,6,1
34,groq,deepseek-r1-distill-qwen-32b,{'cot': 0},2025-02-24T22:04:11.262672,12,1
34,groq,deepseek-r1-distill-qwen-32b,{'cot': 0},2025-02-24T22:07:39.267526,5,0
34,groq,deepseek-r1-distill-qwen-32b,{'cot': 0},2025-02-24T22:14:19.457068,11,0
34,groq,deepseek-r1-distill-qwen-32b,{'cot': 0},2025-02-24T22:20:20.321769,13,2
35,anthropic,claude-3-7-sonnet-20250219,"{'cot': 0, 'thinking_tokens': 4096}",2025-02-25T00:31:43.289862,3,0
36,anthropic,claude-3-7-sonnet-20250219,"{'cot': 0, 'thinking_tokens': 4096}",2025-02-25T00:34:44.220352,3,0
37,anthropic,claude-3-7-sonnet-20250219,"{'cot': 0, 'thinking_tokens': 4096}",2025-02-25T00:35:16.578620,3,0
38,anthropic,claude-3-7-sonnet-20250219,"{'cot': 0, 'thinking_tokens': 4096}",2025-02-25T00:43:57.272126,10,1
38,anthropic,claude-3-7-sonnet-20250219,"{'cot': 0, 'thinking_tokens': 4096}",2025-02-25T00:47:13.262775,13,2
38,anthropic,claude-3-7-sonnet-20250219,"{'cot': 0, 'thinking_tokens': 4096}",2025-02-25T00:50:42.156596,14,2
38,anthropic,claude-3-7-sonnet-20250219,"{'cot': 0, 'thinking_tokens': 4096}",2025-02-25T00:52:01.721532,7,0
38,anthropic,claude-3-7-sonnet-20250219,"{'cot': 0, 'thinking_tokens': 4096}",2025-02-25T00:55:29.693925,14,1
38,anthropic,claude-3-7-sonnet-20250219,"{'cot': 0, 'thinking_tokens': 4096}",2025-02-25T00:56:09.627477,4,0
38,anthropic,claude-3-7-sonnet-20250219,"{'cot': 0, 'thinking_tokens': 4096}",2025-02-25T01:00:43.868093,18,3
38,anthropic,claude-3-7-sonnet-20250219,"{'cot': 0, 'thinking_tokens': 4096}",2025-02-25T01:02:55.008008,11,2
38,anthropic,claude-3-7-sonnet-20250219,"{'cot': 0, 'thinking_tokens': 4096}",2025-02-25T01:07:19.476671,17,2
38,anthropic,claude-3-7-sonnet-20250219,"{'cot': 0, 'thinking_tokens': 4096}",2025-02-25T01:09:13.988335,9,2
39,anthropic,claude-3-7-sonnet-20250219,"{'cot': 0, 'thinking_tokens': 16000}",2025-02-25T01:21:33.252321,3,0
39,anthropic,claude-3-7-sonnet-20250219,"{'cot': 0, 'thinking_tokens': 16000}",2025-02-25T01:21:33.471465,3,0
39,anthropic,claude-3-7-sonnet-20250219,"{'cot': 0, 'thinking_tokens': 16000}",2025-02-25T01:21:33.696695,3,0
39,anthropic,claude-3-7-sonnet-20250219,"{'cot': 0, 'thinking_tokens': 16000}",2025-02-25T01:21:33.923820,3,0
39,anthropic,claude-3-7-sonnet-20250219,"{'cot': 0, 'thinking_tokens': 16000}",2025-02-25T01:21:34.155301,3,0
39,anthropic,claude-3-7-sonnet-20250219,"{'cot': 0, 'thinking_tokens': 16000}",2025-02-25T01:21:34.380472,3,0
40,anthropic,claude-3-7-sonnet-20250219,"{'cot': 0, 'thinking_tokens': 16000}",2025-02-25T01:29:57.347689,16,4
40,anthropic,claude-3-7-sonnet-20250219,"{'cot': 0, 'thinking_tokens': 16000}",2025-02-25T01:33:07.914725,13,3
40,anthropic,claude-3-7-sonnet-20250219,"{'cot': 0, 'thinking_tokens': 16000}",2025-02-25T01:34:55.636536,7,1
40,anthropic,claude-3-7-sonnet-20250219,"{'cot': 0, 'thinking_tokens': 16000}",2025-02-25T01:38:58.291588,17,5
40,anthropic,claude-3-7-sonnet-20250219,"{'cot': 0, 'thinking_tokens': 16000}",2025-02-25T01:45:35.309486,23,4
40,anthropic,claude-3-7-sonnet-20250219,"{'cot': 0, 'thinking_tokens': 16000}",2025-02-25T01:47:52.319637,7,1
40,anthropic,claude-3-7-sonnet-20250219,"{'cot': 0, 'thinking_tokens': 16000}",2025-02-25T01:52:12.107100,17,3
40,anthropic,claude-3-7-sonnet-20250219,"{'cot': 0, 'thinking_tokens': 16000}",2025-02-25T01:56:57.698056,19,3
40,anthropic,claude-3-7-sonnet-20250219,"{'cot': 0, 'thinking_tokens': 16000}",2025-02-25T01:59:38.650588,13,3
40,anthropic,claude-3-7-sonnet-20250219,"{'cot': 0, 'thinking_tokens': 16000}",2025-02-25T02:02:23.361003,12,2
41,openai,gpt-4.5-preview-2025-02-27,{'cot': 0},2025-02-28T12:35:53.391053,3,0
41,openai,gpt-4.5-preview-2025-02-27,{'cot': 0},2025-02-28T12:35:59.329885,3,0
41,openai,gpt-4.5-preview-2025-02-27,{'cot': 0},2025-02-28T12:36:04.551695,3,0
41,openai,gpt-4.5-preview-2025-02-27,{'cot': 0},2025-02-28T12:36:10.388194,3,0
41,openai,gpt-4.5-preview-2025-02-27,{'cot': 0},2025-02-28T12:36:19.298255,5,0
41,openai,gpt-4.5-preview-2025-02-27,{'cot': 0},2025-02-28T12:36:23.808092,3,0
41,openai,gpt-4.5-preview-2025-02-27,{'cot': 0},2025-02-28T12:36:28.608403,3,0
41,openai,gpt-4.5-preview-2025-02-27,{'cot': 0},2025-02-28T12:36:33.239457,3,0
41,openai,gpt-4.5-preview-2025-02-27,{'cot': 0},2025-02-28T12:36:37.939968,3,0
41,openai,gpt-4.5-preview-2025-02-27,{'cot': 0},2025-02-28T12:36:50.018518,7,1
42,google,gemini-2.5-pro-exp-03-25,{'cot': 0},2025-03-27T13:14:32.177734,4,0
42,google,gemini-2.5-pro-exp-03-25,{'cot': 0},2025-03-27T13:18:14.833570,12,4
42,google,gemini-2.5-pro-exp-03-25,{'cot': 0},2025-03-27T13:27:18.341254,20,5
42,google,gemini-2.5-pro-exp-03-25,{'cot': 0},2025-03-27T13:30:11.494267,8,1
42,google,gemini-2.5-pro-exp-03-25,{'cot': 0},2025-03-27T13:33:31.437793,10,2
43,openai,gpt-4.1-2025-04-14,{'cot': 0},2025-04-15T10:07:25.652305,4,0
43,openai,gpt-4.1-2025-04-14,{'cot': 0},2025-04-15T10:07:30.711272,4,0
43,openai,gpt-4.1-2025-04-14,{'cot': 0},2025-04-15T10:07:34.091335,3,0
43,openai,gpt-4.1-2025-04-14,{'cot': 0},2025-04-15T10:07:39.824077,5,0
43,openai,gpt-4.1-2025-04-14,{'cot': 0},2025-04-15T10:07:44.839387,4,0
43,openai,gpt-4.1-2025-04-14,{'cot': 0},2025-04-15T10:07:50.388430,5,0
43,openai,gpt-4.1-2025-04-14,{'cot': 0},2025-04-15T10:07:53.749097,3,0
43,openai,gpt-4.1-2025-04-14,{'cot': 0},2025-04-15T10:07:58.066831,4,0
43,openai,gpt-4.1-2025-04-14,{'cot': 0},2025-04-15T10:08:03.904014,6,1
43,openai,gpt-4.1-2025-04-14,{'cot': 0},2025-04-15T10:08:08.186233,4,0
44,openai,gpt-4.1-2025-04-14,{'cot': 1},2025-04-15T10:09:52.012298,4,0
44,openai,gpt-4.1-2025-04-14,{'cot': 1},2025-04-15T10:11:59.806056,4,0
44,openai,gpt-4.1-2025-04-14,{'cot': 1},2025-04-15T10:14:30.034344,6,1
44,openai,gpt-4.1-2025-04-14,{'cot': 1},2025-04-15T10:22:16.174695,15,4
44,openai,gpt-4.1-2025-04-14,{'cot': 1},2025-04-15T10:23:59.907984,4,0
44,openai,gpt-4.1-2025-04-14,{'cot': 1},2025-04-15T10:25:59.694829,4,0
44,openai,gpt-4.1-2025-04-14,{'cot': 1},2025-04-15T10:28:54.506234,6,1
44,openai,gpt-4.1-2025-04-14,{'cot': 1},2025-04-15T10:32:33.483839,7,1
44,openai,gpt-4.1-2025-04-14,{'cot': 1},2025-04-15T10:34:53.914399,5,0
44,openai,gpt-4.1-2025-04-14,{'cot': 1},2025-04-15T10:37:03.535016,4,0
45,xai,grok-3-beta,"{'cot': 0, 'base_url': 'https://api.x.ai/v1'}",2025-04-15T10:45:19.812676,3,0
45,xai,grok-3-beta,"{'cot': 0, 'base_url': 'https://api.x.ai/v1'}",2025-04-15T10:45:22.214152,3,0
45,xai,grok-3-beta,"{'cot': 0, 'base_url': 'https://api.x.ai/v1'}",2025-04-15T10:45:29.069012,7,0
45,xai,grok-3-beta,"{'cot': 0, 'base_url': 'https://api.x.ai/v1'}",2025-04-15T10:45:32.879388,3,0
45,xai,grok-3-beta,"{'cot': 0, 'base_url': 'https://api.x.ai/v1'}",2025-04-15T10:45:50.698606,8,0
46,xai,grok-3-mini-beta,"{'cot': 0, 'base_url': 'https://api.x.ai/v1'}",2025-04-15T10:49:07.860533,15,3
46,xai,grok-3-mini-beta,"{'cot': 0, 'base_url': 'https://api.x.ai/v1'}",2025-04-15T10:53:57.882620,24,4
46,xai,grok-3-mini-beta,"{'cot': 0, 'base_url': 'https://api.x.ai/v1'}",2025-04-15T10:57:36.310390,16,3
46,xai,grok-3-mini-beta,"{'cot': 0, 'base_url': 'https://api.x.ai/v1'}",2025-04-15T10:59:38.974600,10,1
46,xai,grok-3-mini-beta,"{'cot': 0, 'base_url': 'https://api.x.ai/v1'}",2025-04-15T11:00:56.585457,7,1
47,openai,o4-mini-2025-04-16,"{'cot': 0, 'reasoning_effort': 'high'}",2025-04-22T16:22:00.307443,28,3
47,openai,o4-mini-2025-04-16,"{'cot': 0, 'reasoning_effort': 'high'}",2025-04-22T17:30:11.256853,56,8
47,openai,o4-mini-2025-04-16,"{'cot': 0, 'reasoning_effort': 'high'}",2025-04-22T18:34:58.808860,61,6
47,openai,o4-mini-2025-04-16,"{'cot': 0, 'reasoning_effort': 'high'}",2025-04-23T10:52:04.854250,6,0
47,openai,o4-mini-2025-04-16,"{'cot': 0, 'reasoning_effort': 'high'}",2025-04-23T11:02:30.824835,11,2
47,openai,o4-mini-2025-04-16,"{'cot': 0, 'reasoning_effort': 'high'}",2025-04-23T11:51:24.119695,60,7
48,xai,grok-4-0709,"{'cot': 0, 'base_url': 'https://api.x.ai/v1'}",2025-07-11T15:10:35.409417,52,14
48,xai,grok-4-0709,"{'cot': 0, 'base_url': 'https://api.x.ai/v1'}",2025-07-11T16:16:46.770934,17,5
48,xai,grok-4-0709,"{'cot': 0, 'base_url': 'https://api.x.ai/v1'}",2025-07-11T18:31:04.573654,48,11
49,openai,gpt-4.1-2025-04-14,{'cot': 0},2025-07-11T18:32:18.090290,4,0
49,openai,gpt-4.1-2025-04-14,{'cot': 0},2025-07-11T18:32:23.928774,5,0
49,openai,gpt-4.1-2025-04-14,{'cot': 0},2025-07-11T18:32:29.150829,6,0
50,openai,gpt-5-2025-08-07,"{'cot': 0, 'reasoning_effort': 'high'}",2025-08-07T19:14:50.887447,53,14
50,openai,gpt-5-2025-08-07,"{'cot': 0, 'reasoning_effort': 'high'}",2025-08-07T22:15:58.482609,54,11
50,openai,gpt-5-2025-08-07,"{'cot': 0, 'reasoning_effort': 'high'}",2025-08-08T00:51:33.592494,52,14
